Autoreifen Dunlop,Anderes,GB0001,104
Autoreifen Dunlop,Anderes,GB0001,104
Autoreifen Dunlop,Anderes,GB0001,104
Autoreifen Dunlop,Anderes,GB0001,104
Autoreifen Dunlop,Anderes,GB0001,104
Autoreifen Dunlop,Anderes,GB0001,104
Autoreifen Dunlop,Anderes,GB0001,104
Autoreifen Dunlop,Anderes,GB0001,104
Autoreifen Dunlop,Anderes,GB0001,104
Mähdrescher,Anderes,GB0003,105
Mähdrescher,Anderes,GB0003,105
Mähdrescher,Anderes,GB0003,105
Mähdrescher,Anderes,GB0003,105
Mähdrescher,Anderes,GB0003,105
Mähdrescher,Anderes,GB0003,105
Router001,Router,GB0002,107
Router001,Router,GB0002,107
Router001,Router,GB0002,107
Router001,Router,GB0002,107
STernzerstörer,Desktop PC,GB0001,100
STernzerstörer,Desktop PC,GB0001,100
